Kategorie,Nutzer,Unternehmen
Kosteneinsparungen,0.605042016806723,0.34
Anpassbarkeit,0.420168067226891,0.215
Unabhängigkeit,0.394957983193277,0.255
Offene Standards,0.378151260504202,0.425
Transparenz,0.361344537815126,0.275
Community,0.310924369747899,0.355
Innovation,0.19327731092437,0.175
Sicherheit,0.184873949579832,0.18
Mitarbeitende,0.109243697478992,0.15
Stabilität,0.0420168067226891,0.185