Kategorie,OSS Richtig,CSS Richtig,OSS Falsch,CSS Falsch
Browser,0.496688741721854,0.0,0.503311258278146,0.0
OS,0.333333333333333,0.515151515151515,0.0909090909090909,0.0606060606060606
Web,0.608695652173913,0.0,0.391304347826087,0.0
Desktop,0.478787878787879,0.33030303030303,0.178787878787879,0.0121212121212121
Games,0.0714285714285714,0.468253968253968,0.428571428571429,0.0317460317460317
Total,0.410869565217391,0.293478260869565,0.273913043478261,0.0217391304347826