Kategorie,OSS Richtig,OSS Falsch
Browser,0.294736842105263,0.705263157894737
OS,0.447368421052632,0.552631578947368
Web,0.545454545454545,0.454545454545455
Desktop,0.60655737704918,0.39344262295082
Games,0.142857142857143,0.857142857142857
Total,0.437956204379562,0.562043795620438