Kategorie,OSS Richtig,OSS Falsch
Browser,0.41869918699187,0.58130081300813
OS,0.680327868852459,0.319672131147541
Web,0.585635359116022,0.414364640883978
Desktop,0.701438848920863,0.298561151079137
Games,0.142857142857143,0.857142857142857
Total,0.550884955752212,0.449115044247788