Category,Using the program,Usage ignored,Not using the program
Browser,41.869918699187,34.2857142857143,28.9398280802292
OS,81.0457516339869,80.1680672268908,79.2387543252595
Web,58.5635359116022,40.3361344537815,21.5909090909091
Desktop,81.0020876826722,63.6134453781513,51.8987341772152
Games,53.7974683544304,46.6004583651643,45.6125108601216
Total,67.8832116788321,54.1769649036085,47.1599402092676