Kategorie,OSS Richtig,CSS Richtig,OSS Falsch,CSS Falsch
Browser,0.41869918699187,0.0,0.58130081300813,0.0
OS,0.271241830065359,0.53921568627451,0.127450980392157,0.0620915032679739
Web,0.585635359116022,0.0,0.414364640883978,0.0
Desktop,0.407098121085595,0.402922755741127,0.173277661795407,0.0167014613778706
Games,0.069620253164557,0.468354430379747,0.417721518987342,0.0443037974683544
Total,0.363503649635037,0.315328467153285,0.296350364963504,0.0248175182481752