Kategorie,OSS Richtig,CSS Richtig,OSS Falsch,CSS Falsch
Browser,0.294736842105263,0.0,0.705263157894737,0.0
OS,0.157407407407407,0.583333333333333,0.194444444444444,0.0648148148148148
Web,0.545454545454545,0.0,0.454545454545455,0.0
Desktop,0.248322147651007,0.563758389261745,0.161073825503356,0.0268456375838926
Games,0.0625,0.46875,0.375,0.09375
Total,0.266666666666667,0.36,0.342222222222222,0.0311111111111111